name,genre,subgenre,tell,detail,address,opentime,latitude,longitude,image_url_a,image_url_b,nation,res_id,created_at,updated_at
PALETTE SCHOOL,フィリピン,ブラカン,キャンパスはローカル×グローバルな国際村,"PALETTE SCHOOLは、フィリピン留学の中でも一風変わった語学学校です。国際NGOの複合施設（GK Enchanted Farm）内にキャンパスが位置することもあり、起業家や現地学生・農家の方など、日々さまざまな出会いに溢れています。

時期によっては、フランスなどヨーロッパの学生がインターンとして滞在するなど、グローバルな側面も。施設内のコミュニティには、フィリピン人の学生や家族が住んでいるため、授業外でも英語を使った異文化交流ができます。

マンツーマン授業で学んだ英語をすぐに日常生活で使えるので、自由度の高い環境の中でも英語を伸ばすことができます。",GK Enchanted Farm California St.Brgy Encanto Angat Bulacan the Philippines,"設立：2014年

",14.923757,121.008337,/images/pallete_a.jpg,/images/pallete_b.jpg,フィリピン,1,,
CIP,フィリピン,クラーク,ネイティブ講師 × 多国籍な生徒で国際色豊かなキャンパス,"CIPはクラーク（アンへレス）の落ち着いた高級住宅街に位置する語学学校で、ネイティブ講師が多く、多国籍な生徒が集まることで有名です。

常時10名以上のネイティブ講師が在籍しており、国籍はアメリカ・イギリス・カナダ・オーストラリアなど様々。ネイティブからも授業を受けられる環境に惹かれ、アジア圏をはじめとして世界中から生徒が集います。

どのコースを選んでもネイティブ講師による発音やスピーキングの少人数クラスを必ず受けられるため、ワーキングホリデーに行く前からネイティブ英語に慣れることができます。","Lots 18 & 19 block 37 Kamatigue st. cutcut. Angeles city, Philippines","設立：2007年

",15.140339,120.574798,/images/CIP_1.jpg,/images/CIP_2.jpg,フィリピン,2,,
Genius English,フィリピン,セブ,世界中から生徒が集うセブ随一の多国籍な環境,"フィリピン留学中も、国際色豊かでグローバルな環境に身を置きたい。そんな思いを叶えてくれるのが、ここGenius English。

通常のフィリピン留学は、多国籍な学校であってもアジア圏からの生徒が多いです。しかしロシア人経営である同校には、アジアや中東圏だけでなく、なんとロシアやスペイン・ドイツ・フランスなどヨーロッパからの生徒もいるから驚き。

この多国籍な環境を活かし、同校では放課後に毎日アクティビティ（自由参加）を実施しています。また、週末にはいろんな国籍の生徒が合同で集まり、小旅行に行くことも。

授業外での自然なコミュニケーションを通じて、まさに24時間英語に触れられる環境が整っています。Genius Englishでの留学を通じて、グローバルな世界へ一歩踏み出してみましょう！","EGI Hotel Bldg. 1, Looc, Maribago, Lapu-lapu City 6015 Cebu Philippines",設立：2013年,10.28472,123.997516,/images/GENIUS_ENGLISH_1.jpg,/images/GENIUS_ENGLISH_2.jpg,フィリピン,3,,
CNE1,フィリピン,ターラック,超初級でも大丈夫！口コミ・リピーター率 No. 1の人気校,"CNE1はのどかで治安の良いターラック州に位置し、語学学校の中で数少ないフィリピン政府高等教育委員会(CHED)から正式に認可を受けた学校です。

英語での「スピーキング力」と「コミュニケーション力」の両方を向上させる授業カリキュラムを、日系として最初に構築したことでも有名。2010年の創業以来、その高い生徒満足度により、広告宣伝無しで3500名以上の卒業生を輩出しています。

また、生徒のレベルと要望に合わせて授業を実施できるように、日本語版のオリジナル教材も開発。超初心者から上級者まで幅広いレベルに対応できることから、リピーターとして再留学する人も続出する人気校です。","San Vicente, San Manuel, Tarlac 2309, Philippines",設立：2010年,15.858225,120.584380,/images/CNE1_1.jpg,/images/CNE1_2.jpg,フィリピン,4,,
BECI,フィリピン,バギオ,10000坪の広大なキャンパスで、のびのびとスピーキング力を伸ばす,"BECIは、緑あふれる広大なキャンパスとモダンな校舎を持つ老舗校。
スピーキングの向上に力を入れている学校としても有名で、独自で開発したスピーキング強化プログラムである「REHAB（発音矯正）」と「SP（スピーキング集中矯正）」が人気を集めています。

フィリピンの天空都市と呼ばれる「バギオ」に位置し、自然に囲まれた広大な施設内には、カフェが併設するオシャレなラウンジやマッサージ店・ジム等があり、授業外に息抜きできる環境が整っています。

大自然に囲まれた広大なキャンパスで、集中してスピーキング力を伸ばしたい方にオススメの学校です！","381 purok 5, Dontogan, Baguio, Benguet,Philippines","設立：2003年

",16.379747,120.572515,/images/BECI_1.jpg,/images/BECI_2.jpg,フィリピン,5,,
A＆J,フィリピン,バギオ,実践重視のワーキングホリデー準備コース,"A&Jは、フィリピンの天空都市と呼ばれる「バギオ」に位置するセミスパルタ校です。最大の特徴は何と言っても、実践重視のワーキングホリデー準備コース。英語環境での仕事（ローカルジョブ）に就くことを目的とし、ワーホリ前の生徒が不安に感じる「働く際に必要な英語」を12週間のカリキュラムで学習します。

カフェ・レストラン・ホテルでの実用的な接客英語をはじめ、履歴書の書き方・面接対策などを教室で学び、コース終盤には市内の有名カフェにて最大40時間の就業を体験。これらを通して、「英語での接客スキル」を総合的に身につけます。

英語で接客することは難しいですが、ワーキングホリデー先の飲食店で働くには必須のスキル。フィリピン留学中に英語接客スキルを身につけることで、ローカルジョブをゲットへの大きな一歩となります！","63 Purok 3 Camp 7 W Rd, Baguio, 2600 Benguet, the Philippines","設立：2008年

",16.391086,120.599970,/images/A＆J_1.jpg,/images/A＆J_2.jpg,フィリピン,6,,
Face to Face,フィリピン,タガイタイ ,別荘のような空間で先生たちと英語を使った共同生活,"Face to Faceは生徒規模20名ほどのアットホームな語学学校で、過ごしやすい気候で有名な高級リゾート地タガイタイに位置しています。別荘が立ち並ぶエリア内の、おしゃれな一軒家6戸を宿舎として利用。

本校のユニークかつ最大の魅力は、なんと宿舎で英語教師との共同生活ができる点。それぞれの一軒家につき2-3人、準ネイティブを含む計10名以上の教師が生徒宿舎に滞在しています。授業でわからなかったことを気軽に質問するなど、放課後であっても自由なコミュニケーションが可能。

毎日同じ屋根の下で一緒に食事をしたり、笑い合う共同生活を通して、自然と日常英会話が身につくのが特徴です。他にはない異文化シェアハウスで、24時間英語に触れる留学を満喫しましょう！","J.P. Rizal Ave, 4120 Tagaytay City","設立：2014年

",14.103141,120.935652,/images/Face_to_Face_1.jpg,/images/Face_to_Face_2.jpg,フィリピン,7,,
GITC,フィリピン,イロイロ,TOEIC対策で実績No.1のセミスパルタ校,"GITC（旧C&C）は地方都市「イロイロ」に位置する、フィリピン国内で最もTOEIC対策に定評のある語学学校です。

2003年から10カ国・5000人以上の生徒を輩出してきた実績をもとに、効率的に英語を伸ばすことのできるセミスパルタのカリキュラムを提供。遊びの誘惑が少ない地域で、真剣に英語を学ぼうとする生徒がアジア各国から集まります。そんな環境の中、日本人比率が1割以下なのも大きな魅力。

カリスマTOEIC講師のオデット先生が教える「点数保証コース」が大人気で、ワーキングホリデー前やワーホリ先から日本へ帰国する直前に留学する生徒も多いです。","Punta Villa Resort, Sto Nino Sur Arevalo, IloIlo City Philippines",設立：2003年,10.682923,122.506445,/images/GITC_1.jpg,/images/GITC_2.jpg,フィリピン,8,,
Philinter,フィリピン,セブ,学習環境の向上に挑み続けるセブの老舗校,"Philinterは15年以上の歴史があり、他の語学学校のモデルにもなっている名門校です。セブ最大のリゾート地であるマクタン島に位置するセミスパルタ校なので、1日最大9コマの授業を受けながらアクティビティを楽しむこともできます。

最大の特徴は、効率的に英語力を伸ばせるよう工夫された学習環境。本校では、英語レベルを表す国際基準CEFRをさらに13段階に細分化したレベル分け制度を採用。科目ごとに細かく英語力を伸ばし、確実な成果に繋げることができます。その他にも長年の教育ノウハウを活かし、より良い学習環境を作り出すための仕組みやサービスが盛りだくさん。

サービスの質の高さが政府から評価され、フィリピンに500校ほどあると言われる語学学校のうち、10数校のみが選出される「フィリピン観光省認定校」にも選ばれています。","Mustang, Ceniza street ., pusok, Lapu-lapu city,Cebu, Philippines 6015",設立：2003年,10.317907,123.966821,/images/PHILINTER_1.jpg,/images/PHILINTER_2.jpg,フィリピン,9,,
Enderun Colleges Language Center,フィリピン,マニラ,最先端都市に位置する大学付属の語学センター,"Enderun College Language Centerは、首都マニラの中でも最先端の地域Bonifacio Global Cityにキャンパスを構える語学センターです。ビジネスやホスピタリティの分野で最先端の教育を提供するエンデラン大学が運営していることもあり、世界30ヵ国以上から生徒の受け入れ実績があります。そのため、キャンパス内は非常に国際色豊か。

学校の方針が、ただ英語を学ぶだけではなく「グローバルリーダーとして活躍できる人材の育成」であるため、豊富なインターンシッププログラムも用意されています。

授業は、フィリピン留学と欧米留学を組み合わせたハイブリッド型。生徒一人ひとりに合わせたマンツーマンクラスに加え、ネイティブ講師によるグループクラスを受けることができます。そのため、ワーホリや二カ国留学前からでもネイティブ英語に慣れることのできる環境が整っています。","1100 Campus Avenue, McKinley Hill, Fort Bonifacio Taguig City 1634 Philippines",設立：2005年,14.559179,121.057215,/images/Enderun_College_1.jpg,/images/Enderun_College_2.jpg,フィリピン,10,,
SPEA,フィリピン,ドゥマゲティ,勉強嫌いな初心者でも自信がつく体験型学習,"SPEAは「Starting Point English Academy」という名の通り、初心者でも安心して英語を学べる学校です。最大の特徴は何と言っても、実践体験学習（アクティブラーニング）。当校では治安の良いドゥマゲティの街を利用し、文部科学省も推進するアクティブラーニングに取り組むことができます。

教室を飛び出して街に繰り出し、教師と二人三脚であらゆる課題に英語で挑戦。挑戦する課題は「ラジオ局で出演依頼をする」「地元の人気レストランで働いてみる」など様々。留学中にバディとなる教師と共に、自由に課題を考えることもできます。

事前のリサーチ・準備から実践、その後のプレゼンテーションまで、一貫して実践英語を身に付けるプログラムが１週間単位で組まれています（何週間でも受講可能）。 机に向かった勉強が苦手な方でも、英語力と自信がつくこと間違いなしの学校です！","14-F-2A Pinili Compound, Bolobc Boloc, SIbulan, Negros Oriental, Philippines 6201","設立：2014年

",9.334611,123.287761,/images/SPEA_1.jpg,/images/SPEA_2.jpg,フィリピン,11,,
CROSS×ROAD,フィリピン,セブ,夢を語り高め合う、旅人たちの語学学校,"クロスロード は、世界一周・ワーキングホリデー・海外就職など、これから海外でチャレンジする人に特化した語学学校です。

世界一周経験のある日本人夫婦が運営する学校で、その人柄と学校コンセプトに惹かれた多様なバックグラウンドを持つ生徒が集います。小規模かつ目的に特化した授業を受けられるため、卒業生の満足度が非常に高いことでも有名。

英語を学ぶだけでなく同じ志を持つ仲間と共に高め合う、そんな旅のスタート地点のような「場」が、ここクロスロードにはあります。",E3 Emerald Talamban Cebu city Philippines,"設立：2012年

",10.354484,123.917983,/images/crossload_1.jpg,/images/crossload_2.jpg,フィリピン,12,,
Howdy English Academy,フィリピン,セブ,教育学のプロが作るカリキュラムで初心者も伸びる,"大学院でも教育学を教えるかたわら、フィリピン政府高等教育機関（CHED）の顧問も務めるDr. Tampus氏が、Howdyの英語学習カリキュラムを監修。

日本のテレビからも取材を受ける彼女が、心理学や教育理論を駆使し「日本人にとって最適な英語学習」の提供を目指しています。

日本の中学校や高校とも提携して団体を受け入れるほどの、充実した学習環境を持つ当校。英語初心者・海外が初めてという方でも、一から英語学習をやり直せる環境がHowdyにはあります。","Insular Square Rizal St, Mandaue City Cebu",設立：2014年,10.350014,123.947935,/images/Howdy_1.jpg,/images/Howdy_2.jpg,フィリピン,13,,
3D ACADEMY,フィリピン,セブ,コスパ最強！セブ島で人気の格安学校！,"3D ACADEMYは、2002年より6000名以上の卒業生を輩出した「MTM JY校」の英語教育ノウハウと経験豊富な講師陣を引き継いだセブの人気校です。
最大の特徴は、格安校でありながら、立地環境・生活面のサポート・授業のすべてが高いレベルであること。

特に立地環境に関してはセブの語学学校でもNo.1と名高く、非常に便利な環境です。校舎を市内のJYスクエアモール（ショッピングモール）の正面に構えており、スーパー・レストラン・両替所・薬局などがすべて徒歩圏内。学校の前は交通拠点となっているため出かける時も困りません。

普通の格安学校では味合うことのできないコストパフォーマンスを感じることのできる、初心者向けの語学学校です。","2F, La Nivel Hotel, JYSquare, Lahug, Cebu City",設立：2002年,10.330112,123.898154,/images/3D_ACADEMY_1.jpg,/images/3D_ACADEMY_2.jpg,フィリピン,14,,
Basic English Camp（b.E. Camp）,フィリピン,マニラ,初心者専門のアットホームな学校,"Basic English Camp（b.E. Camp）は、マニラ市街から車で約1時間南下したエリアに位置するアットホームな初心者専門校です。

英語力0からフィリピン留学を経験した校長の伊藤さんが、他の語学学校でマネージャーを務めたのちに設立した当校。初心者向けに作られたオリジナルの日本語教材や、校長の伊藤さん自らが日本語で英語を教えるクラスなど、学校全体が英語初心者向けに設計されていることがわかります。

生徒規模も最大で20人ほどと小規模で、校内はとてもアットホームな雰囲気。英語が苦手な方や、留学が初めてという社会人の方に人気の学校です。","#53 Balagtas St, Chrysanthemum Village, SanPedro City, Laguna 4023 Philippines",設立：2014年,14.344331,121.045437,/images/b.E_Camp_1.jpg,/images/b.E_Camp_2.jpg,フィリピン,15,,
"ELSIS (Sydney)
",オーストラリア,シドニー,進学でも有名なシドニーの多国籍校,"ELSISシドニー校は、進学を視野に入れた生徒も集う、国際色豊かな学校です。ブリスベンとメルボルンにもキャンパスを持ち、これまでに25,000人以上の生徒を受け入れてきました。

シドニー校は市街の中心に位置し、電車などでのアクセスもばっちり。オーストラリア最大の都市でシティライフを味わいながら、週末にはビーチにもすぐ行ける点も魅力です。

日本人生徒が少ない中さまざまなアクティビティにも参加できるので、英語でのコミュニケーション機会が豊富。個別レッスンをはじめとした無料のワークショップも毎日1-3コマ実施しており、積極的に自分から英語を学ぶ姿勢を持つ方にはぴったりの環境です！","Level 2/545 Kent St, Sydney NSW 2000, Australia","設立：1991年

",33.869746,151.202766,/images/ELSIS_Sydney_1.jpg,/images/ELSIS_Sydney_2.jpg,オーストラリア,16,,
ELSIS Brisbane,オーストラリア,ブリスベン,進学でも有名なブリスベンの多国籍校,"ELSISブリスベン校は、進学を視野に入れた生徒も集う、国際色豊かな学校です。シドニーとメルボルンにもキャンパスを持ち、これまでに25,000人以上の生徒を受け入れてきました。

中でもブリスベン校は一年を通して暖かく、国内でも特に治安の良い都市に位置するのがポイント。滞在費が比較的安い点やホームステイ先が学校から近いのも特徴です。

また、日本人生徒が少ない中、アクティビティにも参加できるので、英語でのコミュニケーション機会が豊富。個別レッスンをはじめとした無料のワークショップも毎日1-3コマ実施しており、積極的に自分から英語を学ぶ姿勢を持った方にぴったりの環境です！","​Level 1, 126 Margaret St Brisbane, QLD 4000","設立：2016年

",27.472896,153.027617,/images/ELSIS_Brisbane_1.jpg,/images/ELSIS_Brisbane_2.jpg,オーストラリア,17,,
Langports (Brisbane),オーストラリア,ブリスベン,高い生徒満足度を誇るブリスベン不動の人気校,"Langportsブリスベン校は、しっかりと英語を身に付けたい方に高い人気を誇る学校。

オーストラリア第三の都市ブリスベンは、一年を通して暖かく、国内でも特に治安の良い都市です。街自体もコンパクトなため、買い物や移動もとても便利。Langportsは、そんな街の中心地から徒歩10分ほどに位置しています。

総合的に英語力を測るのではなく、科目別に細かくレベル分けする独自のUFO プログラムが当校最大の魅力。科目ごとにクラスが異なるため、学校で作れる友達も自然と多くなります。アクティビティも充実しており、楽しみながらもしっかりと英語を学びたい方にオススメです！","33 Herschel St, Brisbane City QLD 4000","設立：2004年

",27.467785,153.019217,/images/Langports_Brisbane_1.jpg,/images/Langports_Brisbane_2.jpg,オーストラリア,18,,
Byron Bay English Language School,オーストラリア,バイロンベイ,自然の中でグローバルな仲間と送る”Only 1″な留学,"Byron Bay English Language School（BBELS）は、 ゴールドコーストから車で1時間半ほどの海沿いの小さな街「バイロンベイ」に位置する多国籍な学校です。美しい自然が残されているこの町はパワースポットとしても知られ、世界中から人々が集います。

ヨーロッパや南米からの生徒も多く、国際色豊かな当校では毎日実施のアクティビティを通して、日々楽しい交流が行われます。

ビーチから徒歩10分という立地を利用した、英語＋サーフィン・ヨガなどの多様なプログラムもあるので、自分らしい留学・ワーホリ生活を送りたい方にオススメです！","5 / 1 Carlyle Street, Byron Bay NSW 2481","設立：1998年

",28.646062,153.613613,/images/BYRON_BAY_1.jpg,/images/BYRON_BAY_2.jpg,オーストラリア,19,,
"SELC（Bondi）
",オーストラリア,シドニー,シドニーで２番目に歴史のある老舗名門校,"SELC ボンダイ校は、1985年に創立されたシドニーで2番目に歴史のある名門校。実践トレーニングに特化したカリキュラムである「バリスタコース」が特に人気の学校です。

当校は、シドニー中心部まで電車で10分。オーストラリアで最も有名なボンダイビーチまでバスで約10分の距離にあり、シティライフとビーチライフ両方を満喫できる好ロケーションとなっています。

また、SELC愛に溢れた優秀なベテラン講師陣が多く在籍している当校。バリスタコースだけでなく、一般英語・ケンブリッジ検定・IELTSなどのコースでも質の高い授業を受けることができます。学習環境に加え、アクティビティも充実しているため、「楽しみながらもしっかりと英語を学びたい！」といった方にオススメの学校です！","19-23 Hollywood Ave, Bondi Junction NSW 2022","設立：1985年

",33.893737,151.249199,/images/SELC_Bondi_1.jpg,/images/SELC_Bondi_2.jpg,オーストラリア,20,,
INUS English,オーストラリア,メルボルン,カフェの本場で身に付ける英語とバリスタスキル,"INUSはメルボルンの中心地に位置する、少人数制バリスタコースが人気の学校です。

オーストラリア第二の都市メルボルンは、『世界一住みたい町』にも選ばれたアートの街。また、国内で最もコーヒーが有名な都市で、街の至るところにカフェがあります。

校内カフェにて合計48時間のインターンができるバリスタコースが、INUS最大の特徴。実践的なスキルを身につけることが可能です。

加えて、オフィスワークを含む豊富なインターンシップやプチバリスタコースなど、「英語＋アルファで何かに挑戦したい」という望みを実現してくれる留学先です。","Level 5 & 8, 85 Queen Street Melbourne, VIC 3000","設立：2011年

",37.816471,144.961062,/images/INUS_English_1.jpg,/images/INUS_English_2.jpg,オーストラリア,21,,
BROWNS English Language School(Brisbane),オーストラリア,ブリスベン,活気にあふれたブリスベンの人気校,"BROWNS English Language School（ブリスベン校）は、独自の英語学習カリキュラムや最新設備を取り入れた質の高い学習環境が評価され、国内外の数々の賞を受賞している人気校。一般英語・試験対策コース以外にも、バリスタ・インターンシップ・デミペアなど、英語＋αのコースが開講されています。

ブリスベンは年間を通して温かい気候に恵まれていて、住みやすさに定評のある都市。当校は、そんなブリスベンの中心部であるQueen Street Mall（ショッピングストリート）近くに位置しています。

学習環境はもちろん。無料のアクティビティも充実しているため、楽しみながらもしっかりと英語を学ぶことが可能。ブリスベン校には日本人スタッフが２名以上在籍しておりサポートが手厚いので、英語初級者や海外初心者の方にも一押しの留学先です！","Level 4, 102 Adelaide Street, Brisbane 4000","設立：2009年

",27.468457,153.024161,/images/BROWNS_Brisbane_1.jpg,/images/BROWNS_Brisbane_2.jpg,オーストラリア,22,,
BROWNS English Language School (Gold Coast),オーストラリア,ゴールドコースト,アクティビティ豊富なゴールドコーストの人気校,"BROWNS English Language School（ゴールドコースト校）は、独自の英語学習カリキュラムや最新設備を取り入れた質の高い学習環境が評価され、国内外の数々の賞を受賞している人気校。

ゴールドコースト校は留学生が多く暮らすおしゃれな街サウスポートの中心に位置し、公共交通機関にほど近く、ビーチまで10分という非常に便利な立地。週末や放課後など、綺麗な海を満喫することができます。

学習環境はもちろん、無料のアクティビティも充実しているため、楽しみながらもしっかりと英語を学ぶことが可能。ゴールドコースト校では一般英語・試験対策コース以外にも、バリスタ・インターンシップ・ダイビング・サーフィン・テニスなどの多様な英語＋αのコースが開講されているため、自分らしい留学・ワーホリ生活を送りたい方にオススメの学校です！","5-7 Marshall Ln, Southport QLD 4215, Australia","設立：2003年

",27.964883,153.413558,/images/BROWNS_goldcoast_1.jpg,/images/BROWNS_goldcoast_2.jpg,オーストラリア,23,,
Greenwich English College (Sydney),オーストラリア,シドニー,学習意識の高い生徒が集まるシドニーの名門校,"Greenwich シドニー校は、2005年11月に設立以降「優秀な講師陣による質の高い授業」が口コミで広がり、すぐに人気を博した名門校。生徒数が最大1000人の大規模校でありながら、スタッフからのサポートも手厚く、学習環境も整っています。

オーストラリア最大の国際都市であるシドニーの中心部にキャンパスを構えているため立地環境も◎！ 学校周辺にはレストランやバー、ショッピングモールなどが多く、休み時間や放課後の息抜きにも困りません。

一般英語・試験対策はもちろん、他校には珍しいビジネス・IT・発音矯正などのユニークなコースが開講されているのも当校の大きな魅力。コース変更も柔軟に行えるため、自身の英語習得度に応じてベストなコースを選択することができます。

授業時間が多いため、真剣に学習に取り組みたい方にオススメの学校です！","Level 2, 396 Pitt Street (enter via Goulburn Street), Sydney, NSW 2000, Australia","設立：2005年

",33.878268,151.207543,/images/GREENWICH_Sydney_1.jpg,/images/GREENWICH_Sydney_2.jpg,オーストラリア,24,,
Bridge Business College,オーストラリア,シドニー,豊富な専門コースを併せ持つシドニーの老舗校,"Bridge Business Collegeは、口コミで広がった多様なビジネス関連のコースを持つシドニーの学校です。英語コースの他に、ビジネス・観光学・マーケティング・会計学・人事などの専門コースが人気。

オーストラリア最大の都市シドニーの中心部に位置し、Wynyard駅から直結のキャンパスは、非常にアクセスが良いことでも有名です。自然と都会が交わるシドニーで、英語プラスアルファの留学を格安で実現できます。

時間割を６週間ごとに柔軟に調整できるので、仕事をしながら通う方にとっても両立が可能。英語を学んだ後に専門コースへ進みたい方にも特にオススメの留学先です！","​Level 9, 11 York Street Sydney 2000, New South Wales, Australia","設立：1991年

",33.865616,151.204284,/images/Bridge_Business_College_1.jpg,/images/Bridge_Business_College_2.jpg,オーストラリア,25,,
"Lloyds International College
",オーストラリア,シドニー,質 × 格安 を実現したコスパの高いシドニーの万能校,"Lloyds International Collegeは、リーズナブルな価格ながらIELTSなど質の高いコースを提供しているシドニーの人気校です。

オーストラリア最大の都市シドニーの中心部に位置し、キャンパスはTown Hall駅から徒歩３分。シドニーの都心部で、質を落とさずに格安留学を実現できます。

当校は英語コースと専門コースの両方を備えており、英語を学んだ後に進学する方、長期留学の方、柔軟な時間割で学びたい方にオススメの学校です！","Level 2, 436-450 Kent St Sydney NSW 2000","設立：1998年

",28.000440,153.429421,/images/Lloyds_1.jpg,/images/Lloyds_2.jpg,オーストラリア,26,,
Greenwich English College (Melbourne),オーストラリア,メルボルン,「学習」に専念できるメルボルンの名門校,"Greenwich メルボルン校は、シドニーで生徒数1000人を誇る名門校が2015年に設立した新キャンパス。質の高い授業が受講できることで有名なメルボルン屈指の人気校です。

校舎はメルボルン中心地であるサザンクロス駅前のビルの3フロアを使用。学校周辺にはお洒落なカフェやレストランがたくさんある好立地です。

一般英語・試験対策はもちろん、他校には珍しいビジネス・IT・発音矯正などのユニークなコースが開講されているのも当校の大きな魅力。コース変更も柔軟に行えるため、自身の英語習得度に応じてベストなコースを選択することができます。

生徒サポートや学習カリキュラムがしっかりしているため、真剣に学習に取り組みたい方にオススメの学校です！","Level 8/120 Spencer St, Melbourne VIC 3000, Australia",設立：2015年,37.818212,144.954333,/images/GREENWICH_Melborne_1.jpg,/images/GREENWICH_Melborne_2.jpg,オーストラリア,27,,
"ILSC (Brisbane)
",オーストラリア,ブリスベン,世界中にキャンパスを構える大規模校,"ILSCはブリスベン・シドニー・メルボルンをはじめ、カナダやインドなど世界中に計７つのキャンパスを構える人気の大規模校です。

オーストラリア第三の都市ブリスベンは、一年を通して暖かく、国内でも特に治安の良い都市。買い物や移動などに便利なコンパクトな街です。ILSCブリスベン校は、そんなブリスベンの中心地に位置しています。

豊富な科目の中から、興味・関心に合わせて選べる選択制の授業や厳しい英語オンリーポリシー、そして豊富なアクティビティが魅力。さらには、クラスのレベルを１０段階に分けるなど、初級から上級までをカバーする学習環境となっています。真剣に英語学習に取り組みながら、プラスαの経験も充実させたい方にオススメの学校です！

","​1/232 Adelaide St, Brisbane City QLD 4000","設立：2010年

",27.466881,153.026579,/images/ILSC_language_school_Brisbane_1.jpg,/images/ILSC_language_school_Brisbane_2.jpg,オーストラリア,28,,
Langports (Gold Coast),オーストラリア,ゴールドコースト,ゴールドコーストで最も豊富なコースを持つ人気校,"Langportsゴールドコースト校はサーファーズパラダイスに位置し、豊富なコース数で知られる長期留学にも人気の語学学校です。

ゴールドコーストと言えば一直線に続く長いビーチですが、Langportsのキャンパスからメインビーチまではなんと徒歩５分。文字通り、オーストラリアらしい、ビーチに囲まれた留学・ワーキングホリデー生活を送ることができます。

カリキュラムに関しては総合的に英語力を測るのではなく、科目別に細かくレベル分けする独自のUFO プログラムが最大の魅力。科目ごとにクラスメイトが異なるため、より多くの友達と仲良くなれます。アクティビティも充実しているので、楽しみながらしっかり英語を学びたい方にオススメです！",62 Appel Street. Surfers Paradise QLD 4217,"設立：2007年

",28.004564,153.428145,/images/Langports_goldcoast_1.jpg,/images/Langports_goldcoast_2.jpg,オーストラリア,29,,
Gold Coast Learning Centre,オーストラリア,ゴールドコースト,ビーチ街で学ぶリーズナブルな留学,"Gold Coast Learning Centreは、一直線に続くビーチで有名な「ゴールドコースト」に位置する、リーズナブルかつ質の高い授業が人気の学校です。

世界中のサーファーから大人気の「サーファーズパラダイス」というエリアに校舎を構えており、なんとビーチまで徒歩２分。オーストラリアのビーチライフに浸りながら、留学やワーキングホリデーが楽しめる絶好の立地となっています。

小規模かつアットホームな学校でありながら、授業料が安いことで有名。一方で、英語コース以外にも専門コースも備えているので、進学を視野に入れている方にもオススメの学校です！","Levels 1–3, 18–22 Orchid Ave Surfers Paradise QLD 4217","設立：2010年

",28.000720,153.428526,/images/Gold_Coast_Learning_Centre_1.jpg,/images/Gold_Coast_Learning_Centre_2.jpg,オーストラリア,30,,
Cass Training International College(CTIC),オーストラリア,シドニー,明るくTHEシドニーな留学を叶えてくれる人気校,"CTICはシドニー市内に位置し、有名な港ダーリングハーバーからも徒歩1分という好立地にキャンパスを構える学校です。

2018年に新キャンパスへ移転したこともあり、自然と都会のハーモニー溢れる港町シドニーで、明るさ溢れる留学を実現しています。

生徒の出身地に偏りがでないよう国籍比率のバランスを常に調整しており、キャンパス内はいつも国際色豊か。また、ネイティブが使う自然な英語表現を学べる「Real Englishコース」も当校の魅力で、実践的な英語力を身に付けることができます。

日本人スタッフのケアも手厚い学校なので、英語や海外初心者の方にもオススメの留学先です。","Ground Floor, 48 Lime Street, Sydney, NSW 2000","設立：1989年

",33.868722,151.202190,/images/CTIC_1.jpg,/images/CTIC_2.jpg,オーストラリア,31,,
Lonsdale Institute/Bespoke (Sydney),オーストラリア,シドニー,安心して英語漬けになれるシドニーの名門校,"Lonsdale Institute/Bespoke（シドニー校）は、卒業生の満足度が高い名門校の1つ。小規模でアットホームかつ少ない日本人比率が魅力です。

当校は、バランスよく都会と自然を感じられる都市シドニーの中心部に位置し、最寄の駅からも歩いて５分とアクセスもばっちりです。

１クラスあたり平均12人ほどの少人数制クラスが人気で、フレンドリーな教師やスタッフからのサポートが手厚いことでも有名。放課後に毎日無料アクティビティ/クラスを実施しているので、希望すればどんどん学ぶことのできる環境となっています。日本人が少ないけど、サポートはしっかりしているアットホームな学校で留学したい。という方にオススメです！","Level 5, 72 Bathurst Street, Sydney, NSW, 2000","設立：2016年

",33.880605,151.205809,/images/Londsdale_Bespoke_Sydney_1.jpg,/images/Londsdale_Bespoke_Sydney_2.jpg,オーストラリア,32,,
Milestones English Academy,オーストラリア,メルボルン,手厚いサポートの中で英語漬けになれる留学,"Milestones English Academyは『世界一住みたい町』にも選ばれたアートの街メルボルンに位置する語学学校で、日本人が少ない環境の中でしっかりと英語学習に取り組める留学先です。

2016年に設立された新しい学校にも関わらず、高い満足度と口コミにより急成長した当校。日本人生徒の比率は約10%かつ多国籍な環境ですが、同時にアットホームな雰囲気で日本人スタッフや講師からのサポートも手厚いのが魅力です。

英語学習の効果を高めるために学校のルールは厳しく設計されているため、メリハリをつけて英語を学びたい方にオススメです！","Level 11/190 Queen St, Melbourne VIC 3000 Australia","設立：2016年

",37.814005,144.960667,/images/Milestones_English_Academy_1.jpg,/images/Milestones_English_Academy_2.jpg,オーストラリア,33,,
Lonsdale Institute/Bespoke (Melbourne),オーストラリア,メルボルン,小規模でアットホームなメルボルンの名門校,"Lonsdale Institute/Bespoke（メルボルン校）は、卒業生の満足度が高い名門校の1つ。小規模でアットホームかつ少ない日本人比率が魅力です。

当校は、アートの街メルボルンの中心部に位置し、世界的にも有名なカフェ通りの横にキャンパスを構えています。

２担任制などの独自カリキュラムが人気で、フレンドリーな教師やスタッフからのサポートが手厚いことでも有名。毎日放課後に無料アクティビティ/クラスを実施しているので、希望すればどんどん学ぶことのできる環境となっています。小規模かつアットホームな学校へ留学したい。という方にオススメです！","Level 1, 277 Flinders Lane, Melbourne, VIC, 3000","設立：2006年

",37.817481,144.964424,/images/Lonsdale_Bespoke_Melbourne_1.jpg,/images/Lonsdale_Bespoke_Melbourne_2.jpg,オーストラリア,34,,
Lexis English (Brisbane),オーストラリア,ブリスベン,初心者でも安心のアットホームさと充実したサポート,"Lexis Englishブリスベン校は、英語力が初級の方にもオススメの落ち着いた雰囲気を持つ学校です。

当校は、オーストラリア随一の暖かい気候と治安の良さを誇るブリスベンの中心に位置。シドニーやパースなど他都市にも５つのキャンパスがあり、無料での転校が可能となっています。そのため、まずブリスベン校に入学してから、他キャンパスへ移動するという方もいます。

「ただ英語を教える」だけでなく、「英語を実際に使えるようになるためのサポート」を使命としている当校。留学や英語初心者の方でも安心のサポート体制が整っているので、アットホームな環境で落ち着いて留学したい方にオススメです！","Level 6, 15 Adelaide Street, Brisbane QLD 4000","設立：2003年

",27.470025,153.021123,/images/Lexis_English_Brisbane_1.jpg,/images/Lexis_English_Brisbane_2.jpg,オーストラリア,35,,
Inforum Education Australia,オーストラリア,ゴールドコースト,笑顔溢れるアットホームな人気校,"Inforumは、初心者から上級者まで着実に英語力を伸ばせるゴールドコーストの人気校。アットホームかつ真面目な校風で、一般英語コースはもちろん、IELTSやケンブリッジ検定の試験対策コースにも非常に強い学校です。

当校は、留学生が多く暮らすおしゃれな街サウスポートの中心に位置し、ビーチまでも近い便利な立地。休みの日や放課後など、綺麗な海を満喫することができます。

また、日本人スタッフが常勤で２名以上在籍しており、生徒サポートが非常にしっかりとしている学校なので、海外初心者の方にもオススメの留学先です！","13-15 Short St, Southport QLD 4215 Australia",設立：2007年,27.969972,153.415950,/images/Inforum_Education_Australia_1.jpg,/images/Inforum_Education_Australia_2.jpg,オーストラリア,36,,
North Sydney English College (NSEC),オーストラリア,シドニー,自慢のベテラン講師陣が教えるシドニーの格安校,"North Sydney English College(NSEC)はリーズナブルな価格ながら、長年のキャリアを持つベテラン講師陣に定評のあるシドニーの人気校です。

オーストラリア最大の都市シドニーの中心部に位置し、キャンパスはTown Hall駅から徒歩５分。オーストラリアきっての利便性の高いエリアにて、格安で質の高い英語学習を実現できます。

徒歩３分ほどの距離には姉妹校のLloyds International Collegeがあり、専門コースへの進学もスムーズなため、長期留学の方にもオススメの学校です！","Level 1, 499 Kent Street, Sydney NSW 2060","設立：2002年

",33.874083,151.204370,/images/NSEC_1.jpg,/images/NSEC_2.jpg,オーストラリア,37,,